study,cohort,demo_race,demo_gender,demo_firstgen,bedtime_mssd,TotalSleepTime,midpoint_sleep,frac_nights_with_data,daytime_sleep,cum_gpa,term_gpa
5,lac1,1.0,1.0,0.0,0.116726948,432.2,458.66,0.862068966,24.16,3.0,3.38
5,lac1,0.0,1.0,0.0,0.141680839,391.9310345,364.4655172,1.0,13.13793103,3.66,2.6
5,lac1,1.0,1.0,0.0,0.6172032297499999,344.3043478,560.8913043,0.793103448,14.95652174,3.57,3.07
5,lac1,0.0,1.0,1.0,0.130148455,392.6206897,416.4827586,1.0,54.55172414,3.61,3.56
5,lac1,1.0,1.0,0.0,0.130180898,423.4210526,368.7631579,0.655172414,10.52631579,3.21,4.0
5,lac1,1.0,1.0,0.0,0.209483025,397.4,353.58,0.862068966,22.36,3.2,3.36
5,lac1,1.0,1.0,0.0,0.6172032297499999,348.5925926,434.7037037,0.931034483,20.51851852,3.4,3.19
5,lac1,1.0,1.0,0.0,0.129621959,422.1111111,414.8333333,0.931034483,17.03703704,3.86,3.28
5,lac1,1.0,0.0,0.0,0.6172032297499999,454.3214286,423.8214286,0.965517241,52.67857143,3.79,3.5
5,lac1,1.0,1.0,0.0,0.085000354,308.9655172,334.7931034,1.0,85.48275862,3.53,2.55
5,lac1,1.0,1.0,0.0,0.168517574,314.5862069,479.362069,1.0,21.4137931,3.61,3.49
5,lac1,1.0,1.0,0.0,0.064827556,382.1923077,463.5769231,0.896551724,2.269230769,3.82,3.76
5,lac1,1.0,1.0,0.0,0.089355867,389.7241379,447.862069,1.0,14.55172414,3.33,3.74
5,lac1,1.0,0.0,0.0,0.224089073,365.7241379,519.4655172,1.0,27.55172414,4.0,4.0
5,lac1,1.0,1.0,1.0,0.141067177,360.0,372.137931,1.0,34.06896552,3.16,3.56
5,lac1,1.0,0.0,1.0,0.246896613,366.7586207,431.6724138,1.0,10.24137931,3.0,3.2
5,lac1,1.0,1.0,0.0,0.235034014,292.1034483,424.0344828,1.0,9.379310345,3.77,2.78
5,lac1,0.0,1.0,0.0,0.176744146,446.1304348,383.1956522,0.793103448,23.13043478,3.71,2.83
5,lac1,1.0,0.0,0.0,0.6172032297499999,371.7272727,451.0454545,0.379310345,42.90909091,3.82,3.78
5,lac1,1.0,1.0,1.0,0.039771117,439.5517241,366.137931,1.0,12.24137931,3.1,3.3
5,lac1,1.0,1.0,0.0,0.060847151,359.1724138,330.3275862,1.0,6.103448276,4.0,3.44
5,lac1,1.0,1.0,0.0,0.104683603,384.8275862,341.0,1.0,20.20689655,3.17,3.05
5,lac1,1.0,1.0,0.0,0.062372733,372.25,383.2142857,0.965517241,25.03571429,4.0,3.82
5,lac1,1.0,1.0,0.0,0.406257089,402.4166667,349.25,0.827586207,10.91666667,3.47,3.0
5,lac1,1.0,1.0,0.0,0.060779478,360.862069,452.637931,1.0,22.13793103,3.62,3.81
5,lac1,1.0,0.0,0.0,0.052766794,443.137931,437.862069,1.0,23.79310345,2.91,2.61
5,lac1,1.0,0.0,0.0,0.272011478,375.8,400.64,0.862068966,28.04,3.79,3.17
5,lac1,1.0,0.0,0.0,0.6172032297499999,335.9565217,494.1304348,0.793103448,20.73913043,1.57,2.67
5,lac1,1.0,1.0,0.0,0.161198225,367.4444444,405.8148148,0.931034483,16.25925926,3.5,3.4
5,lac1,1.0,1.0,0.0,0.093037333,408.1153846,328.0192308,0.896551724,12.11538462,4.0,4.0
5,lac1,0.0,1.0,0.0,0.152839073,371.2758621,321.6034483,1.0,93.47460591000001,3.3,2.94
5,lac1,0.0,1.0,0.0,0.6172032297499999,300.375,469.6875,0.551724138,9.0,3.28,1.7
5,lac1,1.0,0.0,0.0,0.09644487,373.1724138,467.9655172,1.0,23.65517241,4.0,3.81
5,lac1,0.0,0.0,0.0,0.252287769,429.862069,437.8275862,1.0,52.65517241,3.52,3.46
5,lac1,1.0,0.0,0.0,0.190095486,391.32,410.76,0.862068966,30.76,3.29,3.51
5,lac1,0.0,0.0,0.0,0.292408633,365.9166667,501.1041667,0.827586207,28.16666667,3.72,3.81
5,lac1,1.0,0.0,0.0,0.19883031,342.4545455,468.6136364,0.75862069,21.95454545,3.76,3.8
5,lac1,1.0,0.0,0.0,0.093117205,293.4827586,395.2068966,1.0,31.89655172,4.0,3.77
5,lac1,1.0,1.0,0.0,0.090083617,411.3103448,373.1206897,1.0,18.65517241,4.0,3.4
5,lac1,1.0,1.0,0.0,0.6172032297499999,477.9230769,370.3461538,0.896551724,22.03846154,3.48,3.83
5,lac1,1.0,1.0,0.0,0.090260417,447.6551724,448.3448276,1.0,18.96551724,3.07,2.43
5,lac1,0.0,1.0,0.0,0.21185109,444.2857143,318.3928571,0.965517241,22.10714286,3.71,3.79
5,lac1,1.0,1.0,0.0,0.040935374,443.3793103,367.2068966,1.0,13.79310345,3.8,4.0
5,lac1,1.0,1.0,0.0,0.109464444,401.0769231,420.6923077,0.896551724,11.42307692,3.74,3.39
5,lac1,1.0,0.0,0.0,0.129549992,412.5357143,361.0714286,0.965517241,14.75,3.76,3.55
5,lac1,1.0,0.0,0.0,0.6172032297499999,442.0909091,576.3641193625001,0.379310345,14.09090909,3.46,3.5
5,lac1,1.0,1.0,0.0,0.087405961,406.52,358.1,0.862068966,39.0,3.72,3.06
5,lac1,1.0,1.0,0.0,0.152065333,445.9230769,322.0961538,0.896551724,14.26923077,4.0,4.0
5,lac1,1.0,1.0,0.0,0.057516652,406.2758621,473.0,1.0,5.862068966,3.23,3.59
5,lac1,1.0,1.0,0.0,0.6172032297499999,421.5,576.3641193625001,0.482758621,46.5,3.2,1.69
5,lac1,1.0,1.0,0.0,0.26249783,362.9411765,496.5882353,0.586206897,18.11764706,2.62,2.46
5,lac1,1.0,1.0,0.0,0.102636412,362.3928571,440.6785714,0.965517241,50.57142857,3.0,3.41
5,lac1,1.0,0.0,0.0,0.02063244,439.862069,321.6724138,1.0,13.4137931,3.46,4.0
5,lac1,1.0,1.0,0.0,0.207263322,379.4827586,423.4137931,1.0,14.20689655,4.0,3.56
5,lac1,1.0,1.0,0.0,0.094479101,377.8333333,395.6666667,0.827586207,23.83333333,4.0,4.0
5,lac1,1.0,1.0,0.0,0.030682752,424.7241379,346.8103448,1.0,11.65517241,3.79,4.0
5,lac1,1.0,1.0,0.0,0.253243802,433.3043478,460.1304348,0.793103448,25.39130435,1.21,2.32
5,lac1,0.0,0.0,0.0,0.427612026,382.4642857,539.5535714,0.965517241,37.07142857,2.65,3.53
5,lac1,0.0,0.0,0.0,0.6172032297499999,399.4705882,560.5882353,0.586206897,29.52941176,1.94,1.79
5,lac1,1.0,1.0,1.0,0.355330813,359.5,444.1875,0.827586207,23.83333333,3.4,3.69
5,lac1,0.0,0.0,1.0,0.6172032297499999,303.4230769,545.5576923,0.896551724,29.53846154,1.91,2.98
5,lac1,1.0,1.0,0.0,0.142523531,377.5652174,439.3478261,0.793103448,49.43478261,3.21,3.3
5,lac1,1.0,1.0,0.0,0.036193294,400.1851852,344.2037037,0.931034483,10.59259259,2.93,3.06
5,lac1,1.0,1.0,0.0,0.242782369,393.5217391,376.1304348,0.793103448,39.86956522,3.81,3.6
5,lac1,1.0,1.0,0.0,0.107001134,430.75,351.0625,0.275862069,18.625,3.44,3.61
5,lac1,1.0,1.0,0.0,0.234693778,397.8846154,407.8076923,0.896551724,22.73076923,4.0,4.0
5,lac1,1.0,0.0,0.0,0.173497222,398.3636364,347.0454545,0.379310345,55.72727273,3.98,4.0
5,lac1,1.0,0.0,0.0,0.10685833,456.4642857,316.7678571,0.965517241,20.96428571,3.79,3.18
5,lac1,0.0,0.0,0.0,0.6172032297499999,393.5789474,349.1578947,0.655172414,66.36842105,2.15,2.76
5,lac1,0.0,0.0,0.0,0.296888889,400.7142857,526.5238095,0.724137931,60.61904762,2.76,3.23
5,lac1,1.0,1.0,0.0,0.068976757,422.8275862,415.7068966,1.0,8.862068966,3.09,2.6
5,lac1,1.0,1.0,0.0,0.116625193,418.44,381.1,0.862068966,32.76,2.5,2.33
5,lac1,1.0,1.0,0.0,0.24006592,477.4285714,346.0535714,0.965517241,23.21428571,4.0,4.0
5,lac1,1.0,1.0,0.0,0.102371971,442.1071429,424.3392857,0.965517241,9.714285714,4.0,4.0
5,lac1,1.0,1.0,0.0,0.6172032297499999,272.1533165749999,514.0,0.413793103,93.47460591000001,2.98,3.56
5,lac1,1.0,1.0,0.0,0.100925926,361.4285714,430.9107143,0.965517241,15.28571429,3.52,3.26
5,lac1,1.0,1.0,0.0,0.433917942,330.4827586,439.7758621,1.0,37.79310345,3.56,2.98
5,lac1,1.0,0.0,0.0,0.6172032297499999,389.3846154,440.9615385,0.896551724,23.84615385,2.82,3.2
5,lac1,1.0,0.0,0.0,0.151092059,445.6071429,316.5178571,0.965517241,22.28571429,3.8,4.0
5,lac1,1.0,0.0,0.0,0.32468254,394.8666667,339.3333333,0.517241379,67.46666667,4.0,4.0
5,lac1,1.0,0.0,0.0,0.016258192,387.9285714,421.1964286,0.965517241,31.82142857,3.26,3.04
5,lac1,1.0,0.0,0.0,0.078486208,414.72,496.16,0.862068966,17.76,3.77,3.25
5,lac1,1.0,0.0,0.0,0.213579556,307.3461538,295.5384615,0.896551724,17.76923077,3.4,3.6
5,lac1,1.0,0.0,0.0,0.034796981,437.6206897,472.9655172,1.0,24.5862069,3.41,3.19
5,lac1,1.0,0.0,0.0,0.321985597,394.1428571,539.4821429,0.965517241,17.07142857,3.61,3.38
5,lac1,0.0,0.0,0.0,0.178527239,398.5,379.6,0.689655172,7.6,3.35,3.38
5,lac1,1.0,0.0,0.0,0.156791383,303.75,431.0625,0.275862069,11.875,3.22,1.38
5,lac1,1.0,1.0,0.0,0.436563935,463.9130435,366.0,0.793103448,30.60869565,3.71,3.77
5,lac1,1.0,1.0,0.0,0.191501235,352.8125,435.71875,0.551724138,37.5,2.33,3.5
5,lac1,1.0,0.0,0.0,0.110142361,370.5238095,451.6904762,0.724137931,27.76190476,3.76,3.38
5,lac1,1.0,1.0,0.0,0.173333714,378.25,460.7321429,0.965517241,38.21428571,3.21,2.49
5,lac1,1.0,1.0,0.0,0.084680213,361.4736842,395.7631579,0.655172414,19.89473684,3.74,3.48
5,lac1,1.0,1.0,0.0,0.094963152,445.5862069,313.4482759,1.0,31.89655172,3.74,3.74
5,lac1,1.0,0.0,0.0,0.32337236,430.0833333,497.0416667,0.413793103,22.33333333,3.79,3.41
5,lac1,1.0,1.0,1.0,0.271192444,378.0769231,497.0,0.896551724,21.65384615,3.29,2.47
5,lac1,1.0,1.0,1.0,0.171095994,388.8181818,493.1363636,0.75862069,13.77272727,3.21,2.6
5,lac1,1.0,1.0,1.0,0.6172032297499999,388.6428571,442.9642857,0.482758621,47.92857143,3.29,2.87
5,lac1,0.0,0.0,1.0,0.098627959,438.6296296,552.2777778,0.931034483,48.03703704,2.57,2.4
5,lac1,1.0,1.0,0.0,0.422895299,324.6296296,371.3333333,0.931034483,21.66666667,2.0,2.8
5,lac1,1.0,1.0,0.0,0.031395621,524.8913433750001,353.7758621,1.0,15.75862069,3.49,3.6
5,lac1,0.0,1.0,0.0,0.173230938,300.3793103,465.4137931,1.0,61.34482759,1.95,3.0
5,lac1,1.0,1.0,0.0,0.292521529,367.7916667,560.125,0.827586207,28.41666667,3.0,3.75
5,lac1,0.0,1.0,0.0,0.165656888,360.6896552,419.7068966,1.0,33.89655172,3.07,2.4
5,lac1,1.0,1.0,0.0,0.6172032297499999,383.32,531.98,0.862068966,26.28,3.0,3.6
5,lac1,1.0,1.0,0.0,0.226937459,398.9259259,442.3518519,0.931034483,21.48148148,3.39,3.6
5,lac1,1.0,1.0,0.0,0.170893327,460.5185185,324.5185185,0.931034483,24.85185185,3.57,2.6
5,lac1,1.0,1.0,0.0,0.245657552,349.3529412,473.9411765,0.586206897,14.41176471,3.39,3.8
5,lac1,1.0,1.0,0.0,0.134572889,326.5,369.2692308,0.896551724,34.80769231,3.25,3.4
5,lac1,1.0,1.0,0.0,0.15196464,399.8928571,358.8035714,0.965517241,17.39285714,2.67,3.13
5,lac1,1.0,1.0,0.0,0.137169995,360.6086957,419.0869565,0.793103448,23.08695652,3.79,4.0
5,lac1,1.0,0.0,0.0,0.10466447,431.2758621,352.362069,1.0,17.79310345,3.05,2.73
5,lac1,1.0,0.0,0.0,0.340234316,411.8636364,406.2727273,0.75862069,26.13636364,2.91,3.4
5,lac1,1.0,0.0,0.0,0.196002896,421.8928571,424.8214286,0.965517241,40.92857143,2.9,3.36
5,lac1,1.0,0.0,0.0,0.235472108,465.9285714,576.3641193625001,0.965517241,31.71428571,2.84,3.12
5,lac1,1.0,0.0,0.0,0.167170569,402.6521739,365.1956522,0.793103448,10.52173913,2.49,2.77
5,lac1,0.0,0.0,0.0,0.055016652,370.4482759,404.9310345,1.0,20.20689655,3.8,3.22
5,lac1,1.0,1.0,1.0,0.1557908,338.2916667,362.7916667,0.827586207,11.29166667,3.43,3.21
5,lac1,0.0,0.0,1.0,0.071669543,428.6296296,323.7777778,0.931034483,21.2962963,2.44,3.07
5,lac1,0.0,1.0,0.0,0.075134283,465.4482759,315.3275862,1.0,15.34482759,2.7,1.97
5,lac1,1.0,1.0,0.0,0.079280045,414.0689655,432.5,1.0,13.96551724,3.23,3.49
5,lac1,1.0,0.0,0.0,0.077541914,345.8928571,414.0714286,0.965517241,21.67857143,4.0,4.0
5,lac1,1.0,1.0,0.0,0.251342474,413.3793103,386.7068966,1.0,41.93103448,2.96,3.28
5,lac1,1.0,0.0,0.0,0.044951814,413.6206897,420.4310345,1.0,17.68965517,3.49,3.54
5,lac1,1.0,0.0,0.0,0.147337372,416.7241379,384.2413793,1.0,44.62068966,2.93,3.57
5,lac1,1.0,1.0,0.0,0.130785256,351.6296296,408.0555556,0.931034483,5.074074074,3.5,3.51
5,lac1,0.0,0.0,0.0,0.075138315,444.9130435,347.3913043,0.793103448,30.52173913,4.0,4.0
5,lac1,1.0,0.0,0.0,0.222430073,375.08,461.54,0.862068966,33.88,3.47,3.29
5,lac1,1.0,1.0,0.0,0.6172032297499999,335.8571429,576.3641193625001,0.724137931,72.66666667,3.27,3.03
5,lac1,1.0,0.0,0.0,0.150463081,392.2413793,387.0862069,1.0,23.31034483,4.0,4.0
5,lac1,0.0,0.0,0.0,0.064726474,357.0344828,446.7241379,1.0,47.06896552,2.0,1.5
5,lac1,1.0,0.0,0.0,0.493485612,348.0833333,430.3958333,0.827586207,22.08333333,2.6,3.08
3,uw2,1.0,0.0,2.0,0.032421125,402.9642857,294.8035714,1.0,23.39285714,3.552758621,3.27
1,lac2,1.0,1.0,1.0,0.6172032297499999,296.95,466.825,0.689655172,60.6,4.0,4.0
1,lac2,1.0,1.0,1.0,0.185261134,313.8695652,402.0217391,0.793103448,64.95652174,2.98,3.28
2,uw1,1.0,1.0,1.0,0.422244444,524.8913433750001,380.3333333,0.214285714,64.5,3.321428036,3.833333
2,uw1,1.0,1.0,1.0,0.138198222,406.8846154,358.8653846,0.928571429,39.38461538,3.426666267,3.476923
2,uw1,1.0,1.0,1.0,0.09267432,411.2666667,349.5333333,0.535714286,27.33333333,3.265517103,3.1
2,uw1,1.0,1.0,1.0,0.062150968,405.2142857,363.25,1.0,39.57142857,3.17999955,3.5
2,uw1,1.0,1.0,1.0,0.110143652,396.5,410.7678571,1.0,75.60714286,2.566666,2.992307
2,uw1,1.0,1.0,1.0,0.206592971,389.0,300.4666667,0.535714286,24.26666667,3.740740481,3.478571
2,uw1,1.0,1.0,1.0,0.048181299,434.0,343.3214286,1.0,8.642857143,3.6999995,3.192857
2,uw1,1.0,1.0,1.0,0.095797516,425.4642857,334.0535714,1.0,25.96428571,3.799999864,3.95
2,uw1,1.0,1.0,1.0,0.041141213,394.8928571,362.7142857,1.0,13.10714286,3.6999995,3.866666
2,uw1,0.0,1.0,1.0,0.397048414,469.5,473.8958333,0.857142857,31.29166667,3.126470529,2.728571
2,uw1,1.0,1.0,1.0,0.077292899,412.5555556,323.7962963,0.964285714,68.55555556,3.599999619,3.435714
2,uw1,1.0,1.0,1.0,0.061395464,408.5555556,397.1666667,0.964285714,34.51851852,3.499999667,3.466666
2,uw1,1.0,1.0,1.0,0.051161243,430.037037,436.7407407,0.964285714,43.33333333,3.65,3.527777
2,uw1,1.0,1.0,1.0,0.024217345,398.5,343.8392857,1.0,21.67857143,3.796551103,3.666666
2,uw1,1.0,1.0,1.0,0.23578075,377.5357143,423.5178571,1.0,86.28571429,3.78399956,3.753846
2,uw1,1.0,1.0,1.0,0.087243179,394.3928571,324.125,1.0,93.47460591000001,3.4875,3.646666
2,uw1,1.0,1.0,1.0,0.200582336,398.9166667,340.4166667,0.857142857,79.33333333,3.375,2.26923
2,uw1,1.0,1.0,1.0,0.6172032297499999,407.3214286,558.7142857,1.0,93.47460591000001,3.370967742,3.966666
2,uw1,1.0,1.0,1.0,0.047048889,498.9230769,452.9423077,0.928571429,24.88461538,3.249999679,3.076923
2,uw1,1.0,1.0,1.0,0.6172032297499999,390.4642857,366.1964286,1.0,63.67857143,3.351724138,2.690909
2,uw1,1.0,1.0,1.0,0.6172032297499999,367.8846154,499.6538462,0.928571429,93.47460591000001,3.279310103,3.766666
2,uw1,0.0,1.0,1.0,0.089126276,430.4285714,319.6428571,1.0,71.07142857,2.331817364,3.446153
2,uw1,0.0,1.0,1.0,0.23569239,392.8518519,390.4444444,0.964285714,42.2962963,3.6599998,3.533333
2,uw1,1.0,1.0,1.0,0.141548544,335.1785714,365.3214286,1.0,52.85714286,3.35599984,2.871428
2,uw1,0.0,1.0,1.0,0.113198826,369.2857143,329.5357143,1.0,93.47460591000001,2.7,3.0
2,uw1,0.0,1.0,1.0,0.02851547,471.3214286,303.8035714,1.0,12.57142857,3.543749469,3.517647
2,uw1,1.0,1.0,1.0,0.203303556,404.9615385,571.25,0.928571429,47.42307692,2.310344414,3.376923
2,uw1,1.0,1.0,1.0,0.215095743,374.8888889,419.2962963,0.964285714,23.37037037,2.249999462,2.870588
3,uw2,1.0,1.0,1.0,0.06082114,434.8571429,394.2321429,1.0,16.82142857,3.775,3.92
3,uw2,1.0,1.0,1.0,0.156672001,353.3214286,413.6964286,1.0,36.14285714,3.010952381,3.39
3,uw2,1.0,1.0,1.0,0.123791724,349.5714286,346.1071429,1.0,93.47460591000001,3.835909091,3.85
3,uw2,1.0,1.0,1.0,0.012224127,445.6428571,258.5892857,1.0,31.17857143,3.16,3.53
3,uw2,1.0,1.0,1.0,0.066671393,336.0416667,328.25,0.857142857,57.91666667,3.156818182,2.9
3,uw2,1.0,1.0,1.0,0.072580018,416.1785714,342.125,1.0,28.28571429,3.201111111,3.62
3,uw2,1.0,1.0,1.0,0.114567139,438.8928571,379.1785714,1.0,24.82142857,3.534444444,3.72
3,uw2,1.0,1.0,1.0,0.11494213,373.56,368.72,0.892857143,73.44,2.605714286,2.57
3,uw2,1.0,1.0,1.0,0.051178324,420.9166667,336.0416667,0.857142857,36.95833333,3.482173913,3.33
3,uw2,0.0,1.0,1.0,0.030177564,385.0357143,314.7857143,1.0,11.39285714,3.802083333,3.85
3,uw2,1.0,1.0,1.0,0.6172032297499999,405.2272727,392.3409091,0.785714286,31.59090909,2.9855,1.55
3,uw2,0.0,1.0,1.0,0.080024595,402.6,384.86,0.892857143,73.32,3.800454545,3.25
3,uw2,0.0,1.0,1.0,0.12400189,410.1111111,280.537037,0.964285714,50.37037037,3.662727273,3.35
3,uw2,0.0,1.0,1.0,0.6172032297499999,335.6296296,377.9259259,0.964285714,41.44444444,2.850714286,2.97
3,uw2,1.0,1.0,1.0,0.023310185,511.8,392.28,0.892857143,32.12,3.24,2.8
3,uw2,1.0,1.0,1.0,0.019544277,409.75,407.5178571,1.0,30.0,3.26,3.52
3,uw2,1.0,1.0,1.0,0.6172032297499999,414.7692308,426.7692308,0.928571429,70.07692308,3.426551724,3.37
1,lac2,0.0,0.0,1.0,0.6172032297499999,346.8095238,541.2619048,0.724137931,78.14285714,2.37,2.54
1,lac2,0.0,0.0,1.0,0.039987954,447.3793103,267.7758621,1.0,23.44827586,4.0,3.81
1,lac2,1.0,0.0,1.0,0.6172032297499999,272.1533165749999,576.3641193625001,0.793103448,80.82608696,3.58,2.55
1,lac2,0.0,0.0,1.0,0.6172032297499999,320.952381,471.6666667,0.724137931,18.28571429,4.0,3.63
2,uw1,1.0,0.0,1.0,0.031665845,329.037037,389.2222222,0.964285714,50.88888889,3.627272545,3.5
2,uw1,0.0,0.0,1.0,0.210721689,388.1785714,372.8571429,1.0,69.32142857,3.629166333,3.466666
2,uw1,0.0,0.0,1.0,0.067465972,422.6666667,285.547619,0.75,11.76190476,3.434482069,3.483333
2,uw1,0.0,0.0,1.0,0.272334222,405.8461538,334.9615385,0.928571429,34.69230769,3.5249996,3.4
2,uw1,0.0,0.0,1.0,0.6172032297499999,368.0434783,382.6304348,0.821428571,48.52173913,2.8999996,3.15
2,uw1,1.0,0.0,1.0,0.083661748,402.28,404.64,0.892857143,65.28,3.3499995,3.76923
2,uw1,1.0,0.0,1.0,0.6172032297499999,474.9259259,445.4814815,0.964285714,59.07407407,3.896774032,4.0
2,uw1,1.0,0.0,1.0,0.129168381,419.4736842,373.2631579,0.678571429,51.10526316,3.925806129,3.888888
2,uw1,0.0,0.0,1.0,0.142839826,414.2962963,380.7222222,0.964285714,26.85185185,3.58749975,3.65
2,uw1,1.0,0.0,1.0,0.138447266,391.3529412,396.6176471,0.607142857,36.29411765,2.738461154,2.35
2,uw1,0.0,0.0,1.0,0.057496302,351.4814815,376.3148148,0.964285714,93.47460591000001,3.681818,3.95
2,uw1,1.0,0.0,1.0,0.091071864,439.7142857,280.125,1.0,29.85714286,3.608695435,3.73125
3,uw2,1.0,0.0,1.0,0.370200694,362.2857143,319.5952381,0.75,82.57142857,2.9484,2.64
3,uw2,0.0,0.0,1.0,0.121005506,413.7407407,432.1851852,0.964285714,44.03703704,3.048181818,3.67
3,uw2,0.0,0.0,1.0,0.089489026,411.6428571,445.2321429,1.0,37.85714286,3.455,2.97
3,uw2,1.0,0.0,1.0,0.187559823,446.1785714,364.6071429,1.0,84.82142857,3.13,3.0
3,uw2,0.0,0.0,1.0,0.566819845,421.7857143,441.1785714,1.0,35.67857143,3.0425,3.53
3,uw2,1.0,0.0,1.0,0.162916095,395.3571429,373.9821429,1.0,34.67857143,3.7,3.32
3,uw2,0.0,0.0,1.0,0.102869989,360.75,374.9642857,1.0,51.57142857,2.206363636,2.54
3,uw2,1.0,0.0,1.0,0.407269965,438.0,402.1666667,0.321428571,25.88888889,3.563214286,4.0
3,uw2,1.0,0.0,1.0,0.017128487,438.4642857,313.6785714,1.0,30.21428571,3.818,3.63
3,uw2,0.0,0.0,1.0,0.039699741,383.7142857,383.4107143,1.0,53.89285714,2.961363636,3.45
3,uw2,0.0,0.0,1.0,0.0188344,438.6428571,266.75,1.0,23.71428571,3.728181818,3.5
3,uw2,0.0,0.0,1.0,0.136234187,404.3928571,332.125,1.0,61.07142857,2.99625,1.8
3,uw2,1.0,0.0,1.0,0.189820911,425.7857143,350.5892857,1.0,29.82142857,3.735,3.4
3,uw2,0.0,0.0,1.0,0.376458333,357.3333333,402.0,0.321428571,18.22222222,3.149333333,2.5
3,uw2,0.0,0.0,1.0,0.021804401,507.1,322.1,0.714285714,19.85,3.7075,3.1
3,uw2,0.0,0.0,1.0,0.199746817,447.56,400.04,0.892857143,44.16,3.4136,3.47
3,uw2,1.0,0.0,1.0,0.172469221,386.2,337.9,0.714285714,47.8,3.456,3.15
3,uw2,1.0,0.0,1.0,0.121737558,384.6,341.88,0.892857143,58.96,3.075,2.46
3,uw2,1.0,0.0,1.0,0.152323579,417.1785714,361.0714286,1.0,70.60714286,2.617058824,3.35
3,uw2,0.0,0.0,1.0,0.051465478,509.2857143,405.1607143,1.0,33.46428571,3.155769231,3.47
4,nh,1.0,1.0,1.0,0.131812657,456.5666667,385.4333333,1.0,51.03333333,3.333166667,3.666833333
4,nh,0.0,0.0,1.0,0.209351852,429.6071429,425.3392857,0.933333333,59.67857143,3.166666667,3.5
4,nh,1.0,1.0,1.0,0.052274078,419.9,310.9,1.0,57.0,2.9334,3.277833333
4,nh,1.0,0.0,1.0,0.265968809,273.9166667,455.75,0.8,30.5,2.8002,3.4668
4,nh,1.0,0.0,1.0,0.083405668,356.8333333,414.4166667,1.0,45.76666667,3.3334,3.2666
4,nh,1.0,1.0,1.0,0.079217532,384.2,369.4833333,1.0,52.33333333,3.722166667,3.722333333
4,nh,1.0,0.0,1.0,0.161342456,327.5185185,362.2037037,0.9,39.74074074,3.6666,3.809571429
4,nh,1.0,0.0,1.0,0.100262667,275.8461538,382.0961538,0.866666667,40.84615385,3.055666667,3.333333333
1,lac2,1.0,1.0,0.0,0.171855513,315.6206897,436.1896552,1.0,18.48275862,3.2,3.63
3,uw2,1.0,1.0,0.0,0.096448331,480.6071429,327.4642857,1.0,23.82142857,3.140833333,2.8
1,lac2,1.0,1.0,0.0,0.050011917,370.037037,500.3333333,0.931034483,11.74074074,4.0,3.76
1,lac2,1.0,1.0,0.0,0.047560282,406.76,359.48,0.862068966,49.72,4.0,3.55
1,lac2,0.0,1.0,0.0,0.163861762,272.1533165749999,398.2352941,0.586206897,93.47460591000001,3.0,3.59
1,lac2,1.0,1.0,0.0,0.6172032297499999,411.8518519,532.1111111,0.931034483,26.14814815,3.8,3.46
1,lac2,0.0,1.0,0.0,0.153815746,408.1111111,354.037037,0.931034483,71.62962963,3.17,3.5
1,lac2,1.0,1.0,0.0,0.415880067,430.125,471.7083333,0.827586207,19.41666667,4.0,3.61
1,lac2,1.0,1.0,0.0,0.10691358,357.72,431.52,0.862068966,35.4,4.0,3.44
1,lac2,1.0,1.0,0.0,0.045117932,402.1481481,444.2777778,0.931034483,52.88888889,3.79,4.0
1,lac2,1.0,1.0,0.0,0.188245111,367.7586207,425.2931034,1.0,10.55172414,3.57,3.81
1,lac2,1.0,1.0,0.0,0.6172032297499999,366.4074074,406.2037037,0.931034483,35.62962963,3.7,3.57
1,lac2,1.0,1.0,0.0,0.109858667,455.6153846,434.0961538,0.896551724,23.5,4.0,4.0
1,lac2,1.0,1.0,0.0,0.6172032297499999,330.8947368,551.2105263,0.655172414,40.31578947,2.92,3.12
1,lac2,1.0,1.0,0.0,0.347546667,406.7307692,391.3653846,0.896551724,10.96153846,3.74,3.81
1,lac2,1.0,1.0,0.0,0.024228014,455.4285714,308.4821429,0.965517241,26.89285714,3.48,2.98
1,lac2,1.0,1.0,0.0,0.540711111,299.0952381,414.952381,0.724137931,28.28571429,4.0,4.0
1,lac2,1.0,1.0,0.0,0.173659556,343.0769231,493.5192308,0.896551724,24.5,3.07,4.0
1,lac2,1.0,1.0,0.0,0.464511111,398.0,502.7272727,0.379310345,19.0,4.0,4.0
1,lac2,1.0,1.0,0.0,0.6172032297499999,283.1111111,576.3641193625001,0.620689655,30.72222222,3.81,3.56
1,lac2,1.0,1.0,0.0,0.134137327,338.6785714,424.4285714,0.965517241,13.89285714,3.4,3.81
1,lac2,1.0,1.0,0.0,0.125710841,427.28,487.52,0.862068966,46.16,3.76,3.72
1,lac2,1.0,1.0,0.0,0.124438657,397.9230769,374.5769231,0.448275862,58.76923077,3.6,4.0
1,lac2,1.0,1.0,0.0,0.197647843,413.7857143,408.0,0.965517241,47.14285714,3.79,3.0
1,lac2,1.0,1.0,0.0,0.062386671,373.88,383.36,0.862068966,34.52,3.29,3.28
1,lac2,1.0,1.0,0.0,0.610249433,452.5333333,407.0666667,0.517241379,82.26666667,4.0,4.0
1,lac2,1.0,1.0,0.0,0.209741355,301.3103448,486.2241379,1.0,21.17241379,3.58,3.24
1,lac2,1.0,1.0,0.0,0.028315264,394.8275862,342.7586207,1.0,16.0,4.0,4.0
1,lac2,1.0,1.0,0.0,0.298978588,384.96,369.0,0.862068966,57.4,3.12,3.6
1,lac2,1.0,1.0,0.0,0.153550907,424.6785714,373.9464286,0.965517241,8.464285714,3.81,3.59
1,lac2,1.0,1.0,0.0,0.253501397,341.4814815,409.537037,0.931034483,34.2962963,3.49,3.6
1,lac2,1.0,1.0,0.0,0.6172032297499999,349.6315789,540.6052632,0.655172414,36.78947368,2.65,3.49
1,lac2,1.0,1.0,0.0,0.6172032297499999,400.5416667,405.7916667,0.827586207,36.95833333,3.25,2.49
1,lac2,1.0,1.0,0.0,0.107086953,406.75,385.2857143,0.965517241,24.67857143,3.52,3.45
1,lac2,1.0,1.0,0.0,0.6172032297499999,336.1724138,477.0689655,1.0,85.79310345,3.78,3.8
1,lac2,0.0,1.0,0.0,0.522706173,272.1533165749999,396.46875,0.551724138,93.47460591000001,2.78,1.5
1,lac2,1.0,1.0,0.0,0.042136488,481.1785714,349.1964286,0.965517241,19.10714286,4.0,4.0
1,lac2,1.0,1.0,0.0,0.111303155,428.3684211,361.6052632,0.655172414,7.052631579,3.69,3.76
1,lac2,1.0,1.0,0.0,0.083909505,421.3529412,453.1470588,0.586206897,17.94117647,4.0,3.53
1,lac2,1.0,1.0,0.0,0.6172032297499999,351.2,476.64,0.862068966,45.4,3.55,2.6
1,lac2,1.0,1.0,0.0,0.376793639,370.4814815,576.3641193625001,0.931034483,32.77777778,3.57,3.0
1,lac2,1.0,1.0,0.0,0.6172032297499999,347.8571429,533.1428571,0.724137931,62.38095238,3.8,3.59
1,lac2,0.0,1.0,0.0,0.044082341,408.2758621,348.6896552,1.0,54.4137931,2.49,2.84
1,lac2,1.0,1.0,0.0,0.6172032297499999,415.7692308,432.0192308,0.896551724,64.61538462,3.17,2.8
1,lac2,1.0,1.0,0.0,0.036821333,414.6923077,424.9230769,0.896551724,18.53846154,3.8,4.0
2,uw1,1.0,1.0,0.0,0.117315556,447.5,372.3461538,0.928571429,28.15384615,3.7666665,3.5
2,uw1,1.0,1.0,0.0,0.553016975,456.72,364.8,0.892857143,61.56,3.5999996,3.127777
2,uw1,1.0,1.0,0.0,0.044828151,518.5714286,342.9107143,1.0,30.53571429,3.533333,3.9
2,uw1,1.0,1.0,0.0,0.064903978,493.5714286,260.2142857,1.0,31.75,3.746153846,3.9
2,uw1,1.0,1.0,0.0,0.112528959,274.1785714,315.6071429,1.0,93.47460591000001,2.882758207,2.75
2,uw1,1.0,1.0,0.0,0.128678222,494.3846154,305.1730769,0.928571429,54.11538462,3.15185137,3.1
2,uw1,1.0,1.0,0.0,0.068741046,444.8928571,314.6607143,1.0,35.71428571,2.915384,2.933333
2,uw1,1.0,1.0,0.0,0.06241579,382.1785714,477.2857143,1.0,54.89285714,3.451851556,3.8
2,uw1,1.0,1.0,0.0,0.141044444,467.1875,392.5,0.571428571,29.75,2.916666,1.7
2,uw1,1.0,1.0,0.0,0.602623274,438.7037037,405.5555556,0.964285714,41.77777778,3.33571375,3.933333
2,uw1,1.0,1.0,0.0,0.083347304,459.4814815,281.1481481,0.964285714,14.81481481,4.0,4.0
2,uw1,1.0,1.0,0.0,0.307469517,441.0357143,345.0,1.0,36.53571429,3.532257903,3.6
2,uw1,1.0,1.0,0.0,0.457633333,328.8846154,497.3269231,0.928571429,88.11538462,3.651515121,3.344444
2,uw1,0.0,1.0,0.0,0.6172032297499999,362.125,508.5,0.285714286,64.0,3.757575182,3.833333
2,uw1,0.0,1.0,0.0,0.6172032297499999,272.1533165749999,560.9814815,0.964285714,46.44444444,3.346428179,2.5
2,uw1,1.0,1.0,0.0,0.060625,511.2592593,320.462963,0.964285714,37.92592593,3.583333,3.55
2,uw1,0.0,1.0,0.0,0.6172032297499999,422.2727273,576.3641193625001,0.785714286,54.59090909,3.7799996,3.266666
2,uw1,1.0,1.0,0.0,0.439572176,442.0,404.05,0.714285714,34.75,3.8166665,3.933333
2,uw1,1.0,1.0,0.0,0.104858646,402.5925926,342.3333333,0.964285714,18.81481481,3.912902516,3.85
2,uw1,0.0,1.0,0.0,0.038330285,430.1428571,317.75,1.0,24.78571429,3.528571429,3.653846
2,uw1,0.0,1.0,0.0,0.6172032297499999,328.1666667,430.875,0.428571429,17.08333333,2.939285286,1.7
2,uw1,1.0,1.0,0.0,0.175588235,418.1666667,325.25,0.642857143,18.22222222,4.0,3.972727
2,uw1,1.0,1.0,0.0,0.080836621,432.1851852,478.0925926,0.964285714,41.55555556,3.6999995,3.623076
2,uw1,1.0,1.0,0.0,0.079898643,487.4642857,305.9464286,1.0,36.92857143,3.82,3.66923
2,uw1,1.0,1.0,0.0,0.074575903,408.75,297.3928571,1.0,18.92857143,3.749999643,3.875
2,uw1,1.0,1.0,0.0,0.108675888,369.5357143,358.4285714,1.0,67.57142857,3.818749563,3.752941
2,uw1,1.0,1.0,0.0,0.155477442,485.7142857,314.2857143,1.0,27.42857143,3.077418968,3.230769
2,uw1,1.0,1.0,0.0,0.6172032297499999,485.1666667,497.0,0.214285714,93.47460591000001,3.856521391,3.95
2,uw1,0.0,1.0,0.0,0.607304405,497.3571429,507.9285714,0.5,50.07142857,2.603447931,3.9
2,uw1,1.0,1.0,0.0,0.129575719,383.6666667,327.125,0.857142857,6.625,3.913792345,4.0
2,uw1,0.0,1.0,0.0,0.6172032297499999,291.4545455,576.3641193625001,0.392857143,44.27272727,3.45999992,3.566666
2,uw1,1.0,1.0,0.0,0.106907556,371.0769231,330.9615385,0.928571429,51.03846154,3.315151182,3.721428
2,uw1,0.0,1.0,0.0,0.54766276,454.7058824,450.2058824,0.607142857,46.17647059,3.2799998,3.5
2,uw1,0.0,1.0,0.0,0.131948255,355.8214286,409.2857143,1.0,59.25,3.3799998,3.5
2,uw1,1.0,1.0,0.0,0.6172032297499999,380.1666667,576.3641193625001,0.214285714,9.166666667,3.4156245,3.233333
2,uw1,1.0,1.0,0.0,0.6172032297499999,423.4666667,320.9333333,0.535714286,90.0,3.675,3.538461
2,uw1,1.0,1.0,0.0,0.186487603,387.0434783,298.9782609,0.821428571,17.82608696,3.43999985,3.5
2,uw1,1.0,1.0,0.0,0.474972565,482.6,416.3,0.357142857,44.2,3.326086652,3.033333
2,uw1,0.0,1.0,0.0,0.6172032297499999,418.7,368.9,0.357142857,48.7,3.111110778,3.2
2,uw1,1.0,1.0,0.0,0.252284433,408.48,320.44,0.892857143,90.44,3.8799998,3.961538
2,uw1,0.0,1.0,0.0,0.184224444,359.2307692,345.7307692,0.928571429,39.23076923,3.621739,3.592307
2,uw1,1.0,1.0,0.0,0.6172032297499999,412.3,283.05,0.357142857,15.8,3.8666665,3.966666
2,uw1,1.0,1.0,0.0,0.04155807,511.6071429,264.4642857,1.0,29.67857143,3.916666,3.9
2,uw1,1.0,1.0,0.0,0.049951227,458.0,363.4642857,1.0,27.25,3.7,3.933333
2,uw1,1.0,1.0,0.0,0.142999132,451.84,316.18,0.892857143,51.88,3.333332556,2.533333
2,uw1,1.0,1.0,0.0,0.32452334,392.5185185,359.1296296,0.964285714,39.44444444,3.955172,3.964285
2,uw1,1.0,1.0,0.0,0.054510364,393.1071429,319.625,1.0,23.21428571,3.579999833,3.966666
2,uw1,1.0,1.0,0.0,0.098910227,406.7142857,398.9285714,1.0,22.64285714,3.913792862,3.952941
2,uw1,1.0,1.0,0.0,0.172579256,361.8214286,471.25,1.0,29.92857143,3.458620069,3.55
2,uw1,1.0,1.0,0.0,0.254525778,364.8846154,326.9230769,0.928571429,67.19230769,3.090624375,2.9
2,uw1,1.0,1.0,0.0,0.252345679,436.36,355.94,0.892857143,57.72,3.725806129,3.733333
2,uw1,1.0,1.0,0.0,0.172248895,432.5714286,333.3928571,1.0,27.35714286,3.892856357,3.833333
2,uw1,1.0,1.0,0.0,0.59007233,399.35,425.075,0.714285714,87.1,3.72,3.566666
2,uw1,1.0,1.0,0.0,0.00450503,487.0714286,282.4821429,1.0,42.07142857,3.7999995,3.766666
2,uw1,1.0,1.0,0.0,0.152449846,460.5384615,335.1923077,0.464285714,19.92307692,3.316666,3.233333
2,uw1,1.0,1.0,0.0,0.101027282,413.6785714,376.9107143,1.0,12.35714286,3.7499995,3.744444
2,uw1,1.0,1.0,0.0,0.050706066,430.4642857,296.4464286,1.0,34.96428571,4.0,3.966666
2,uw1,0.0,1.0,0.0,0.073322222,447.8846154,315.0961538,0.928571429,36.26923077,2.637930517,3.483333
2,uw1,1.0,1.0,0.0,0.069481405,435.1785714,319.7857143,1.0,30.39285714,3.645454394,3.83125
2,uw1,0.0,1.0,0.0,0.510052202,388.9642857,384.3214286,1.0,40.92857143,3.299999586,3.4
2,uw1,1.0,1.0,0.0,0.183817801,374.4444444,381.4259259,0.964285714,43.74074074,3.910714143,3.8
2,uw1,1.0,1.0,0.0,0.6172032297499999,404.375,327.1875,0.285714286,59.5,2.608695217,2.866666
2,uw1,1.0,1.0,0.0,0.6172032297499999,435.4347826,433.9782609,0.821428571,20.86956522,3.1999995,2.9
2,uw1,1.0,1.0,0.0,0.153960695,437.1363636,318.3863636,0.785714286,25.0,3.08,3.633333
3,uw2,1.0,1.0,0.0,0.041045953,421.6428571,355.7142857,1.0,29.28571429,3.865,3.87
3,uw2,1.0,1.0,0.0,0.029149338,434.1666667,322.625,0.857142857,26.04166667,3.458,3.29
3,uw2,1.0,1.0,0.0,0.048323356,390.0416667,335.1041667,0.857142857,43.875,3.2928125,3.76
3,uw2,1.0,1.0,0.0,0.47581443,406.4583333,464.8333333,0.857142857,23.58333333,2.958275862,2.8
3,uw2,1.0,1.0,0.0,0.097755969,460.173913,424.7826087,0.821428571,34.82608696,2.625,3.0
3,uw2,1.0,1.0,0.0,0.016025597,414.3913043,385.9782609,0.821428571,43.95652174,3.05,3.25
3,uw2,1.0,1.0,0.0,0.075667962,357.2142857,412.2321429,1.0,31.78571429,2.822222222,2.68
3,uw2,1.0,1.0,0.0,0.217173333,412.6153846,356.0769231,0.928571429,13.26923077,3.695517241,3.84
3,uw2,1.0,1.0,0.0,0.051998685,485.1481481,330.1481481,0.964285714,28.62962963,3.702,3.79
3,uw2,1.0,1.0,0.0,0.075077778,478.1666667,369.4166667,0.214285714,57.5,2.865,3.51
3,uw2,1.0,1.0,0.0,0.117205456,456.0,247.0714286,1.0,33.71428571,3.078888889,3.35
3,uw2,1.0,1.0,0.0,0.07112902,432.9285714,415.6964286,1.0,42.25,3.405,3.04
3,uw2,0.0,1.0,0.0,0.110837191,402.12,544.1,0.892857143,53.92,3.688928571,3.89
3,uw2,1.0,1.0,0.0,0.125174638,371.2222222,294.1851852,0.964285714,51.2962963,3.823235294,3.95
3,uw2,1.0,1.0,0.0,0.018477747,323.4285714,340.625,1.0,23.46428571,3.57,3.63
3,uw2,1.0,1.0,0.0,0.037849032,428.25,292.1071429,1.0,33.82142857,3.726206897,3.59
3,uw2,1.0,1.0,0.0,0.6172032297499999,349.3928571,423.4642857,1.0,64.85714286,2.98,3.07
3,uw2,1.0,1.0,0.0,0.180828402,435.6428571,308.6071429,0.5,35.64285714,3.775,3.7
3,uw2,1.0,1.0,0.0,0.259393424,449.3636364,315.5454545,0.785714286,49.81818182,3.500967742,3.47
3,uw2,1.0,1.0,0.0,0.506566072,387.9285714,456.5,1.0,79.39285714,2.947142857,3.33
3,uw2,0.0,1.0,0.0,0.083427816,486.6363636,328.3863636,0.785714286,64.90909091,3.0975,3.3
3,uw2,1.0,1.0,0.0,0.039382807,437.1851852,347.6481481,0.964285714,27.37037037,3.803333333,3.76
3,uw2,1.0,1.0,0.0,0.061013725,409.4814815,308.4444444,0.964285714,36.81481481,3.155454545,3.41
3,uw2,1.0,1.0,0.0,0.052619576,456.0,307.1296296,0.964285714,39.77777778,3.88,3.78
3,uw2,1.0,1.0,0.0,0.185720889,412.7692308,322.1346154,0.928571429,30.15384615,3.259655172,3.23
3,uw2,1.0,1.0,0.0,0.072307099,372.2857143,372.2857143,0.25,53.42857143,3.917419355,4.0
3,uw2,1.0,1.0,0.0,0.071266575,462.4285714,299.8214286,1.0,25.17857143,3.71,3.45
3,uw2,0.0,1.0,0.0,0.053386752,433.1111111,460.8703704,0.964285714,56.55555556,3.730625,3.95
3,uw2,1.0,1.0,0.0,0.047301097,436.9285714,413.4464286,1.0,50.25,3.57,3.49
3,uw2,1.0,1.0,0.0,0.116004039,388.8928571,345.0,1.0,37.82142857,3.240625,3.59
3,uw2,1.0,1.0,0.0,0.187172309,428.8823529,404.1470588,0.607142857,50.41176471,3.665862069,3.7
3,uw2,1.0,1.0,0.0,0.6172032297499999,378.9130435,463.6304348,0.821428571,31.04347826,3.32037037,3.13
3,uw2,1.0,1.0,0.0,0.108658854,396.6470588,407.8529412,0.607142857,35.41176471,3.78,3.8
3,uw2,0.0,1.0,0.0,0.136750096,478.52,429.14,0.892857143,61.24,2.830833333,3.08
3,uw2,1.0,1.0,0.0,0.088317778,417.2307692,457.8076923,0.928571429,42.11538462,3.315,3.53
3,uw2,1.0,1.0,0.0,0.0579984,370.6785714,367.6071429,1.0,16.82142857,3.653703704,3.3
3,uw2,1.0,1.0,0.0,0.577190667,417.8846154,514.0,0.928571429,51.03846154,4.0,3.97
3,uw2,1.0,1.0,0.0,0.157928669,365.0,374.25,1.0,47.35714286,3.25,3.27
3,uw2,1.0,1.0,0.0,0.278307446,451.962963,352.3518519,0.964285714,64.33333333,3.215,2.99
3,uw2,0.0,1.0,0.0,0.125992,432.9230769,420.3076923,0.928571429,28.23076923,3.390357143,3.37
3,uw2,1.0,1.0,0.0,0.068602893,388.7407407,360.0,0.964285714,37.11111111,3.958857143,3.94
3,uw2,1.0,1.0,0.0,0.299431424,367.4444444,344.1111111,0.321428571,70.88888889,2.9,3.0
3,uw2,1.0,1.0,0.0,0.111857186,459.6071429,352.6785714,1.0,31.57142857,2.998,3.4
3,uw2,1.0,1.0,0.0,0.103435203,411.5,440.75,0.857142857,35.08333333,3.724117647,3.86
3,uw2,0.0,1.0,0.0,0.126889468,413.52,440.96,0.892857143,38.36,3.946428571,3.93
3,uw2,1.0,1.0,0.0,0.13315212,402.9259259,305.4814815,0.964285714,38.03703704,3.492258065,2.94
3,uw2,1.0,1.0,0.0,0.571608728,352.8148148,419.3333333,0.964285714,79.07407407,3.657272727,3.3
3,uw2,1.0,1.0,0.0,0.148132907,349.5714286,354.875,1.0,93.47460591000001,3.635,3.83
3,uw2,1.0,1.0,0.0,0.037504409,368.2272727,351.4090909,0.785714286,36.22727273,2.83,2.67
3,uw2,1.0,1.0,0.0,0.204280556,410.5714286,400.5952381,0.75,18.9047619,3.862592593,3.8
3,uw2,1.0,1.0,0.0,0.044613233,449.56,351.44,0.892857143,15.64,3.611,3.09
3,uw2,1.0,1.0,0.0,0.22167162,392.7857143,285.7321429,1.0,46.32142857,3.385,2.77
3,uw2,1.0,1.0,0.0,0.069091111,393.4230769,364.1923077,0.928571429,34.46153846,3.052727273,3.0
3,uw2,1.0,1.0,0.0,0.358432023,382.75,504.2857143,1.0,48.35714286,3.154482759,3.28
3,uw2,1.0,1.0,0.0,0.101952,369.2692308,322.3269231,0.928571429,37.15384615,3.139259259,3.14
3,uw2,0.0,1.0,0.0,0.293845743,391.9259259,368.1481481,0.964285714,45.59259259,2.799130435,2.86
3,uw2,1.0,1.0,0.0,0.09362902,399.1071429,446.2321429,1.0,51.71428571,3.680625,3.17
3,uw2,1.0,1.0,0.0,0.6172032297499999,298.3333333,576.3641193625001,0.321428571,6.555555556,3.88,3.52
3,uw2,0.0,1.0,0.0,0.048606222,407.3846154,415.0192308,0.928571429,49.07692308,3.601034483,3.63
3,uw2,0.0,1.0,0.0,0.157320484,436.3181818,433.7727273,0.785714286,24.09090909,3.948275862,3.91
3,uw2,1.0,1.0,0.0,0.052149901,403.4814815,427.3888889,0.964285714,35.51851852,3.363703704,3.01
3,uw2,1.0,1.0,0.0,0.128576444,435.3461538,427.1346154,0.928571429,40.42307692,3.625454545,3.49
1,lac2,1.0,0.0,0.0,0.6172032297499999,339.9545455,492.4545455,0.75862069,42.5,3.4,3.5
1,lac2,0.0,0.0,0.0,0.409338018,414.3333333,467.3333333,0.931034483,38.0,2.53,2.4
1,lac2,1.0,0.0,0.0,0.174514556,381.2142857,446.8214286,0.965517241,34.67857143,2.79,3.37
1,lac2,1.0,0.0,0.0,0.6172032297499999,350.6956522,349.3695652,0.793103448,32.04347826,3.29,3.39
1,lac2,1.0,0.0,0.0,0.297786596,357.7272727,451.5227273,0.75862069,30.86363636,3.59,3.38
1,lac2,1.0,0.0,0.0,0.085431193,376.5862069,473.4827586,1.0,6.24137931,3.48,3.46
1,lac2,1.0,0.0,0.0,0.120820206,411.8333333,459.0416667,0.827586207,55.41666667,3.77,3.57
1,lac2,1.0,0.0,0.0,0.299388109,422.137931,402.1724138,1.0,72.31034483,3.22,3.58
1,lac2,1.0,0.0,0.0,0.106319444,425.3448276,375.1724138,1.0,52.93103448,3.74,3.81
1,lac2,1.0,0.0,0.0,0.6172032297499999,362.0952381,415.0238095,0.724137931,31.0952381,3.8,3.61
1,lac2,1.0,0.0,0.0,0.099436226,340.0,489.1851852,0.931034483,25.07407407,3.56,3.59
1,lac2,1.0,0.0,0.0,0.6172032297499999,272.1533165749999,533.1470588,0.586206897,42.29411765,3.21,3.05
1,lac2,1.0,0.0,0.0,0.6172032297499999,283.3333333,576.3641193625001,0.517241379,40.46666667,3.6,2.18
1,lac2,1.0,0.0,0.0,0.267059518,408.3214286,411.4107143,0.965517241,22.67857143,2.86,3.78
1,lac2,1.0,0.0,0.0,0.018758149,411.7241379,335.6896552,1.0,10.82758621,4.0,4.0
1,lac2,1.0,0.0,0.0,0.02902111,393.2857143,401.8392857,0.965517241,36.46428571,4.0,4.0
1,lac2,1.0,0.0,0.0,0.170305768,431.3448276,445.637931,1.0,35.79310345,4.0,3.42
1,lac2,1.0,0.0,0.0,0.166596936,427.7857143,401.0714286,0.965517241,67.89285714,4.0,4.0
1,lac2,1.0,0.0,0.0,0.110240644,393.72,393.32,0.862068966,52.8,3.78,3.81
1,lac2,1.0,0.0,0.0,0.419997124,397.962963,411.037037,0.931034483,39.22222222,3.56,4.0
1,lac2,1.0,0.0,0.0,0.6172032297499999,427.1052632,457.3157895,0.655172414,28.52631579,3.8,4.0
1,lac2,1.0,0.0,0.0,0.04941701,421.4736842,330.5526316,0.655172414,25.68421053,3.77,3.79
1,lac2,1.0,0.0,0.0,0.183344041,388.4090909,398.9318182,0.75862069,44.18181818,4.0,4.0
1,lac2,1.0,0.0,0.0,0.6172032297499999,428.5,477.8571429,0.965517241,32.60714286,2.36,2.79
1,lac2,0.0,0.0,0.0,0.489205703,457.3703704,535.4444444,0.931034483,30.92592593,1.7,2.47
1,lac2,1.0,0.0,0.0,0.103651556,405.3846154,442.7307692,0.896551724,40.07692308,3.52,3.57
1,lac2,1.0,0.0,0.0,0.289564472,413.1071429,407.5178571,0.965517241,44.32142857,3.0,3.53
2,uw1,1.0,0.0,0.0,0.321182967,445.24,425.78,0.892857143,67.48,3.196295815,3.9
2,uw1,1.0,0.0,0.0,0.177411806,361.8095238,289.9047619,0.75,49.28571429,3.9230765,4.0
2,uw1,1.0,0.0,0.0,0.099630855,370.5,390.2083333,0.857142857,26.125,3.555172069,3.56923
2,uw1,1.0,0.0,0.0,0.6172032297499999,404.8,406.08,0.892857143,93.47460591000001,3.592856464,3.533333
2,uw1,1.0,0.0,0.0,0.069268785,439.2142857,326.6964286,1.0,48.60714286,3.744827034,3.838461
2,uw1,1.0,0.0,0.0,0.147709295,433.25,417.525,0.714285714,72.05,3.883333,3.9
2,uw1,1.0,0.0,0.0,0.054357948,371.1071429,493.0714286,1.0,25.78571429,3.466666182,3.608333
2,uw1,1.0,0.0,0.0,0.127034845,348.962963,330.7962963,0.964285714,53.07407407,3.96,3.766666
2,uw1,1.0,0.0,0.0,0.126940253,337.3928571,437.75,1.0,84.96428571,3.8666665,3.566666
2,uw1,1.0,0.0,0.0,0.6172032297499999,400.25,536.6875,0.285714286,68.5,3.396551241,3.563636
2,uw1,1.0,0.0,0.0,0.6172032297499999,399.5238095,573.5714286,0.75,76.38095238,3.082757931,2.477777
2,uw1,1.0,0.0,0.0,0.059450746,438.75,370.5625,0.857142857,42.70833333,3.2,3.038461
2,uw1,1.0,0.0,0.0,0.044577991,434.3333333,351.6296296,0.964285714,41.7037037,3.686206552,3.335714
2,uw1,1.0,0.0,0.0,0.6172032297499999,436.3846154,394.0769231,0.928571429,64.19230769,3.54074037,3.233333
2,uw1,1.0,0.0,0.0,0.076273333,496.8461538,300.0192308,0.928571429,19.07692308,3.9041665,3.9
2,uw1,0.0,0.0,0.0,0.062107988,389.7407407,355.7407407,0.964285714,25.62962963,3.693102931,3.533333
2,uw1,1.0,0.0,0.0,0.129263556,400.0384615,385.3846154,0.928571429,47.5,3.590624313,3.366666
2,uw1,1.0,0.0,0.0,0.058558147,408.0,400.5714286,1.0,26.71428571,2.611110667,3.464285
2,uw1,1.0,0.0,0.0,0.6172032297499999,386.0769231,540.0769231,0.464285714,22.38461538,3.7730765,3.866666
2,uw1,1.0,0.0,0.0,0.070595946,441.9285714,373.5357143,1.0,23.07142857,3.803333,3.944444
2,uw1,1.0,0.0,0.0,0.042815482,449.2,381.0,0.714285714,36.7,3.986842105,3.916666
2,uw1,1.0,0.0,0.0,0.168380889,423.6923077,490.6730769,0.928571429,31.92307692,3.239130435,3.633333
2,uw1,1.0,0.0,0.0,0.6172032297499999,346.7142857,435.2678571,1.0,60.82142857,3.609374969,3.441176
2,uw1,0.0,0.0,0.0,0.467478632,287.8571429,456.4285714,0.5,93.47460591000001,3.421428286,2.91875
2,uw1,1.0,0.0,0.0,0.086288265,455.6,437.7333333,0.535714286,18.26666667,3.709090818,3.442857
2,uw1,1.0,0.0,0.0,0.6172032297499999,329.4117647,576.3641193625001,0.607142857,39.64705882,3.269999433,2.894444
2,uw1,1.0,0.0,0.0,0.6172032297499999,368.6666667,537.6666667,0.75,88.76190476,2.8999996,3.266666
2,uw1,1.0,0.0,0.0,0.466439556,353.6538462,476.2692308,0.928571429,52.61538462,3.880645161,4.0
2,uw1,1.0,0.0,0.0,0.609090078,388.7857143,367.3571429,1.0,46.0,3.8799996,3.666666
2,uw1,1.0,0.0,0.0,0.6172032297499999,485.8571429,425.1428571,0.25,19.85714286,3.5299995,3.733333
2,uw1,0.0,0.0,0.0,0.317611961,404.0,430.3666667,0.535714286,63.66666667,2.983333,2.933333
2,uw1,1.0,0.0,0.0,0.6172032297499999,393.5,576.3641193625001,0.357142857,56.7,3.886206586,3.866666
2,uw1,1.0,0.0,0.0,0.072973373,475.2962963,307.2222222,0.964285714,49.88888889,3.7999995,3.766666
3,uw2,1.0,0.0,0.0,0.053141289,383.9642857,323.3035714,1.0,17.39285714,2.92,3.52
3,uw2,1.0,0.0,0.0,0.123543721,420.2962963,393.1296296,0.964285714,26.51851852,3.335,3.63
3,uw2,1.0,0.0,0.0,0.07504763,418.5357143,327.3571429,1.0,35.64285714,3.816896552,3.67
3,uw2,1.0,0.0,0.0,0.111226852,401.88,372.12,0.892857143,43.96,2.827857143,3.0
3,uw2,1.0,0.0,0.0,0.131931111,366.3846154,380.6730769,0.928571429,71.07692308,3.315,3.9
3,uw2,1.0,0.0,0.0,0.214004157,466.6363636,275.1363636,0.785714286,59.59090909,3.428333333,3.28
3,uw2,1.0,0.0,0.0,0.026300869,524.8913433750001,291.4821429,1.0,10.39285714,3.938,3.8
3,uw2,1.0,0.0,0.0,0.044731367,363.2857143,341.3928571,1.0,70.17857143,3.267272727,3.84
3,uw2,1.0,0.0,0.0,0.154886999,497.8888889,434.037037,0.964285714,22.33333333,3.33,3.59
3,uw2,1.0,0.0,0.0,0.036096632,402.3214286,356.2678571,1.0,44.14285714,3.75862069,3.43
3,uw2,1.0,0.0,0.0,0.6172032297499999,433.28,493.0,0.892857143,42.08,2.498235294,3.83
3,uw2,1.0,0.0,0.0,0.053640286,401.037037,340.7407407,0.964285714,32.55555556,3.788181818,3.91
3,uw2,1.0,0.0,0.0,0.051933775,359.3928571,395.4464286,1.0,57.32142857,3.720645161,3.77
3,uw2,1.0,0.0,0.0,0.055881778,508.8846154,269.0576923,0.928571429,15.38461538,3.546363636,3.46
3,uw2,1.0,0.0,0.0,0.6172032297499999,336.3703704,434.6666667,0.964285714,93.47460591000001,2.538947368,1.96
3,uw2,0.0,0.0,0.0,0.174149901,336.3928571,380.5535714,1.0,33.17857143,3.03,2.0
3,uw2,1.0,0.0,0.0,0.6172032297499999,272.1533165749999,330.0869565,0.821428571,93.47460591000001,2.947272727,1.07
3,uw2,1.0,0.0,0.0,0.6172032297499999,371.5714286,442.0,0.5,25.42857143,3.2525,3.93
3,uw2,1.0,0.0,0.0,0.023350099,387.4642857,338.2321429,1.0,33.10714286,3.673448276,4.0
3,uw2,1.0,0.0,0.0,0.053512803,397.25,360.3571429,1.0,68.46428571,3.348181818,3.71
3,uw2,1.0,0.0,0.0,0.03909084,466.9642857,312.4821429,1.0,11.85714286,3.925454545,4.0
3,uw2,0.0,0.0,0.0,0.6172032297499999,350.8148148,494.2222222,0.964285714,93.47460591000001,3.092333333,2.26
3,uw2,1.0,0.0,0.0,0.057797091,466.2592593,327.0555556,0.964285714,19.92592593,3.46,3.37
3,uw2,0.0,0.0,0.0,0.341533333,337.5,447.96875,0.571428571,21.8125,3.40875,3.11
3,uw2,0.0,0.0,0.0,0.130016928,463.1,386.2,0.714285714,37.6,3.3,2.87
3,uw2,1.0,0.0,0.0,0.10698674,461.0714286,296.625,1.0,20.03571429,4.0,4.0
3,uw2,1.0,0.0,0.0,0.029265928,436.25,319.475,0.714285714,20.8,3.295882353,3.33
3,uw2,1.0,0.0,0.0,0.059306508,451.0714286,306.2142857,1.0,29.75,3.625714286,3.54
3,uw2,1.0,0.0,0.0,0.150336458,391.8928571,375.8035714,1.0,40.82142857,3.875555556,3.87
3,uw2,1.0,0.0,0.0,0.6172032297499999,335.2592593,528.3333333,0.964285714,83.40740741,1.587692308,0.35
3,uw2,0.0,0.0,0.0,0.067167353,426.5,468.1785714,1.0,67.28571429,3.165,3.33
3,uw2,1.0,0.0,0.0,0.090050154,452.56,400.36,0.892857143,93.44,3.223703704,3.5
3,uw2,1.0,0.0,0.0,0.055878667,414.6153846,348.5576923,0.928571429,34.69230769,3.670689655,3.62
3,uw2,0.0,0.0,0.0,0.174796598,403.4444444,337.4074074,0.964285714,63.96296296,3.324347826,3.46
3,uw2,1.0,0.0,0.0,0.123336382,399.1071429,366.6785714,1.0,47.78571429,3.553214286,3.54
3,uw2,1.0,0.0,0.0,0.143658222,429.2307692,405.0961538,0.928571429,45.57692308,3.713928571,3.19
3,uw2,1.0,0.0,0.0,0.168621333,445.2692308,382.5576923,0.928571429,25.15384615,3.5353125,2.97
3,uw2,1.0,0.0,0.0,0.057352538,388.0,321.65,0.357142857,41.1,3.1625,3.71
4,nh,1.0,1.0,0.0,0.059588096,427.8571429,309.5535714,0.933333333,56.96428571,3.111,3.333166667
4,nh,1.0,0.0,0.0,0.192880527,371.5517241,408.9655172,0.966666667,29.79310345,3.904857143,3.952428571
4,nh,1.0,0.0,0.0,0.086050007,401.9666667,454.45,1.0,76.0,3.277666667,3.611166667
4,nh,1.0,1.0,0.0,0.076413331,427.3333333,337.8666667,1.0,48.3,3.777833333,3.722166667
4,nh,0.0,0.0,0.0,0.136600366,440.2142857,383.4285714,0.933333333,30.75,3.333428571,3.3335
4,nh,1.0,0.0,0.0,0.222378222,306.0,460.1346154,0.866666667,49.30769231,3.666833333,3.777833333
4,nh,1.0,1.0,0.0,0.159636811,350.95,362.025,0.666666667,54.35,3.6666,3.5555
4,nh,0.0,1.0,0.0,0.062218919,412.5,353.05,1.0,21.63333333,3.761857143,3.714428571
4,nh,1.0,0.0,0.0,0.127169657,415.36,417.06,0.833333333,36.12,3.833333333,3.833333333
4,nh,1.0,0.0,0.0,0.6172032297499999,279.1724138,471.5517241,0.966666667,93.47460591000001,3.777666667,3.9445
4,nh,0.0,0.0,0.0,0.116449333,381.8333333,372.55,1.0,64.93333333,3.5555,3.7334
4,nh,1.0,1.0,0.0,0.199272605,425.1034483,396.1724138,0.966666667,11.68965517,3.9445,3.9445
4,nh,1.0,0.0,0.0,0.080944586,460.6896552,448.137931,0.966666667,72.24137931,3.611166667,3.9445
4,nh,1.0,0.0,0.0,0.177988506,357.4333333,394.45,1.0,93.47460591000001,3.9445,4.0
4,nh,1.0,0.0,0.0,0.161572202,427.8,337.1,1.0,34.5,3.666714286,3.91675
4,nh,1.0,0.0,0.0,0.023949778,383.9230769,402.5576923,0.866666667,18.38461538,3.777833333,3.888833333
4,nh,1.0,0.0,0.0,0.119553772,393.4666667,346.2833333,1.0,68.43333333,3.888833333,3.9445
4,nh,1.0,0.0,0.0,0.189318932,405.3,463.2,1.0,93.47460591000001,3.3334,2.833333333
4,nh,1.0,1.0,0.0,0.062982214,449.0344828,305.3103448,0.966666667,18.65517241,3.9445,3.904714286
4,nh,1.0,1.0,0.0,0.18617284,372.12,457.86,0.833333333,40.12,3.1336,3.4445
4,nh,1.0,0.0,0.0,0.111539116,399.6896552,404.8275862,0.966666667,38.65517241,4.0,3.889
4,nh,1.0,0.0,0.0,0.119247589,377.9666667,383.8,1.0,13.8,3.9445,3.888833333
4,nh,1.0,0.0,0.0,0.055182823,426.0344828,351.137931,0.966666667,35.93103448,3.9445,3.889
4,nh,1.0,1.0,0.0,0.6172032297499999,304.0,544.125,0.8,49.20833333,3.904857143,3.476142857
4,nh,1.0,1.0,0.0,0.096254459,382.3666667,405.1333333,1.0,50.7,3.4445,3.777833333
4,nh,1.0,1.0,0.0,0.023841987,397.7666667,318.2833333,1.0,25.6,3.5,3.666666667
4,nh,1.0,1.0,0.0,0.215915638,374.1052632,394.1052632,0.633333333,44.78947368,3.0666,3.4668
4,nh,1.0,1.0,0.0,0.6172032297499999,332.6666667,465.1666667,0.8,39.83333333,3.833333333,3.666666667
4,nh,1.0,0.0,0.0,0.13544076,413.6206897,341.3793103,0.966666667,54.44827586,3.888833333,3.722333333
4,nh,0.0,0.0,0.0,0.086683673,369.9310345,402.6551724,0.966666667,18.55172414,3.619142857,3.809571429
4,nh,1.0,0.0,0.0,0.044408305,393.4137931,361.3448276,0.966666667,29.86206897,3.111166667,3.500166667
4,nh,1.0,1.0,0.0,0.6172032297499999,324.0952381,482.2619048,0.7,64.38095238,3.389,3.7334
4,nh,0.0,1.0,0.0,0.6172032297499999,282.625,497.125,0.266666667,93.47460591000001,3.222,3.611
4,nh,1.0,1.0,0.0,0.011592745,411.6428571,349.6964286,0.933333333,7.178571429,3.9445,3.888833333
4,nh,0.0,1.0,0.0,0.065944312,353.1666667,352.95,1.0,82.13333333,3.4002,3.0555
4,nh,0.0,1.0,0.0,0.6172032297499999,419.5882353,497.2647059,0.566666667,86.47058824,3.428428571,3.5334
4,nh,1.0,0.0,0.0,0.069260204,412.9310345,335.9310345,0.966666667,54.17241379,3.555666667,3.4445
4,nh,1.0,1.0,0.0,0.234463735,375.0,340.16,0.833333333,79.08,3.5,3.555666667
4,nh,1.0,1.0,0.0,0.127212611,410.7777778,281.6666667,0.6,37.77777778,4.0,3.952428571
4,nh,0.0,1.0,0.0,0.125761409,404.3793103,340.5862069,0.966666667,33.55172414,4.0,3.833333333
4,nh,1.0,0.0,0.0,0.361600889,371.1923077,437.4038462,0.866666667,37.84615385,3.722333333,3.166666667
4,nh,1.0,0.0,0.0,0.225481151,395.9310345,424.7758621,0.966666667,92.68965517,3.388833333,3.5
4,nh,0.0,0.0,0.0,0.116589778,368.9615385,321.9807692,0.866666667,48.96153846,3.4445,3.666714286
4,nh,1.0,0.0,0.0,0.052315405,413.6551724,331.6206897,0.966666667,29.44827586,3.571428571,3.777833333
4,nh,1.0,0.0,0.0,0.049042728,438.88,376.34,0.833333333,22.92,3.555666667,3.611333333
4,nh,1.0,1.0,0.0,0.076128617,389.3666667,350.15,1.0,32.3,3.714428571,3.666666667
4,nh,1.0,0.0,0.0,0.079584121,483.3333333,400.3958333,0.8,26.29166667,3.714285714,3.8668
4,nh,1.0,1.0,0.0,0.6172032297499999,407.1666667,372.8541667,0.8,26.625,3.4445,3.722333333
4,nh,1.0,1.0,0.0,0.093713782,383.6818182,354.6590909,0.733333333,25.27272727,3.833333333,3.833333333
4,nh,1.0,1.0,0.0,0.137694161,341.5172414,394.4310345,0.966666667,22.5862069,3.5555,2.9445
4,nh,1.0,1.0,0.0,0.178379905,379.2666667,374.95,1.0,28.23333333,3.888833333,3.666666667
4,nh,1.0,0.0,0.0,0.178348948,333.0740741,373.0740741,0.9,75.44444444,3.778,3.611166667
4,nh,1.0,1.0,0.0,0.022459991,422.5,339.375,0.933333333,6.464285714,3.761857143,3.714428571
4,nh,1.0,1.0,0.0,0.033565386,359.5,338.1964286,0.933333333,40.25,3.555666667,3.666714286
4,nh,1.0,1.0,0.0,0.6172032297499999,352.6296296,380.5185185,0.9,34.44444444,3.889,3.889
4,nh,1.0,1.0,0.0,0.261658951,318.1428571,372.9285714,0.233333333,49.42857143,3.9445,3.8335
4,nh,0.0,0.0,0.0,0.140703656,364.2758621,381.4482759,0.966666667,25.24137931,3.333333333,3.778
4,nh,0.0,1.0,0.0,0.083305258,384.0,374.2,1.0,16.13333333,3.809714286,3.809571429
4,nh,0.0,1.0,0.0,0.567852444,377.0384615,368.8269231,0.866666667,27.23076923,3.666714286,3.952428571
4,nh,1.0,0.0,0.0,0.057471647,398.4074074,371.7777778,0.9,47.2962963,4.0,4.0
4,nh,1.0,0.0,0.0,0.143034979,375.7368421,376.5,0.633333333,33.52631579,3.666571429,3.875
4,nh,1.0,1.0,0.0,0.502055556,390.5238095,428.8333333,0.7,48.66666667,3.889,3.666666667
4,nh,1.0,1.0,0.0,0.122579637,407.6785714,335.9107143,0.933333333,55.82142857,3.761857143,3.833333333
4,nh,1.0,1.0,0.0,0.046494905,437.3333333,367.3518519,0.9,47.37037037,3.619142857,3.611166667
4,nh,1.0,1.0,0.0,0.039539776,462.3333333,344.0,0.9,20.25925926,3.571571429,3.619142857
4,nh,1.0,1.0,0.0,0.092447483,464.7333333,422.7,1.0,35.4,3.777833333,3.889
4,nh,1.0,1.0,0.0,0.084742772,348.4827586,346.6724138,0.966666667,47.06896552,3.722166667,3.777833333
4,nh,1.0,0.0,0.0,0.158355913,390.75,406.6041667,0.8,31.625,3.1665,3.611
4,nh,0.0,1.0,0.0,0.080028699,351.3448276,403.2068966,0.966666667,93.47460591000001,3.611333333,3.5
4,nh,1.0,0.0,0.0,0.129004444,415.0769231,390.2115385,0.866666667,48.92307692,3.833333333,4.0
4,nh,1.0,1.0,0.0,0.296798611,340.8095238,446.0952381,0.7,26.28571429,3.714428571,3.762
4,nh,0.0,1.0,0.0,0.6172032297499999,316.7857143,437.25,0.466666667,26.78571429,3.666666667,3.777666667
4,nh,0.0,0.0,0.0,0.087727903,430.0333333,469.8833333,1.0,44.76666667,3.7334,3.611333333
4,nh,0.0,1.0,0.0,0.039417517,446.7241379,320.3965517,0.966666667,77.34482759,3.857142857,4.0
4,nh,0.0,1.0,0.0,0.271912437,401.8571429,367.3035714,0.933333333,12.85714286,3.277833333,3.611166667
4,nh,0.0,0.0,0.0,0.040231867,445.4333333,410.55,1.0,66.6,3.722166667,3.7334
4,nh,1.0,0.0,0.0,0.166343926,481.3571429,386.9107143,0.933333333,23.57142857,3.389,3.555666667
4,nh,1.0,0.0,0.0,0.084193751,437.2,327.4,1.0,50.5,3.777833333,3.8335
4,nh,1.0,1.0,0.0,0.050311138,465.0,333.2,1.0,34.03333333,3.777833333,3.722166667
4,nh,1.0,1.0,0.0,0.075285927,441.5862069,372.6551724,0.966666667,42.37931034,3.9445,3.91675
4,nh,1.0,0.0,0.0,0.09272038,408.3793103,443.7931034,0.966666667,54.03448276,3.952428571,3.904857143
4,nh,0.0,1.0,0.0,0.6172032297499999,330.5185185,491.2777778,0.9,41.77777778,3.291625,3.333285714
4,nh,1.0,1.0,0.0,0.067165066,336.9285714,323.0714286,0.933333333,16.25,3.611333333,3.857142857
4,nh,1.0,1.0,0.0,0.268498441,404.3103448,401.4310345,0.966666667,93.47460591000001,3.277833333,3.5555
4,nh,1.0,0.0,0.0,0.06068338,347.9,322.4833333,1.0,34.1,3.5,3.444333333
4,nh,1.0,0.0,0.0,0.169742417,311.6071429,376.4464286,0.933333333,27.39285714,3.523857143,3.238142857
4,nh,1.0,0.0,0.0,0.051815476,408.1724138,371.6551724,0.966666667,20.17241379,3.9445,3.833333333
4,nh,0.0,0.0,0.0,0.072070947,398.1,317.0,1.0,49.13333333,3.888833333,4.0
4,nh,1.0,0.0,0.0,0.103555384,358.9473684,369.1315789,0.633333333,32.10526316,3.666666667,3.4445
4,nh,0.0,0.0,0.0,0.6172032297499999,405.2083333,504.5,0.8,33.95833333,3.5334,3.625
4,nh,1.0,0.0,0.0,0.050404611,465.7,391.2666667,1.0,15.7,3.889,3.888833333
4,nh,1.0,1.0,0.0,0.6172032297499999,373.5625,426.21875,0.533333333,40.875,3.666666667,3.666666667
4,nh,1.0,0.0,0.0,0.250109988,316.7666667,386.3833333,1.0,91.26666667,3.222166667,3.000166667
4,nh,1.0,0.0,0.0,0.104328156,299.0740741,435.5185185,0.9,51.66666667,3.4445,3.555666667
4,nh,1.0,0.0,0.0,0.192394806,376.9259259,364.6851852,0.9,33.37037037,3.666666667,3.555666667
4,nh,1.0,1.0,0.0,0.010197516,485.4333333,275.05,1.0,29.7,3.888833333,3.666666667
4,nh,1.0,1.0,0.0,0.044613233,467.68,343.42,0.833333333,20.52,3.778,3.9445
4,nh,0.0,0.0,0.0,0.034397873,415.0333333,287.1166667,1.0,38.0,3.952428571,3.904857143
4,nh,1.0,0.0,0.0,0.096090495,334.5294118,365.8823529,0.566666667,19.52941176,3.571428571,3.500166667
4,nh,1.0,1.0,0.0,0.6172032297499999,300.8095238,518.7619048,0.7,93.47460591000001,3.111166667,3.1665
4,nh,1.0,1.0,0.0,0.023043004,474.8,326.0666667,1.0,13.6,3.3335,3.2
4,nh,1.0,0.0,0.0,0.061162967,427.3666667,398.3833333,1.0,24.2,3.9445,3.888833333
4,nh,1.0,1.0,0.0,0.318043155,390.9310345,352.7586207,0.966666667,63.34482759,3.5,3.857285714
4,nh,1.0,1.0,0.0,0.174304222,306.3214286,432.6785714,0.933333333,19.57142857,3.722333333,3.555666667
4,nh,1.0,0.0,0.0,0.6172032297499999,340.1111111,404.0555556,0.9,35.62962963,3.833375,3.904714286
4,nh,1.0,0.0,0.0,0.16225625,357.8571429,355.0952381,0.7,21.42857143,3.777833333,3.889
4,nh,1.0,0.0,0.0,0.099074514,366.7,408.25,1.0,20.1,3.833333333,3.666833333
4,nh,0.0,1.0,0.0,0.15030506,272.5862069,390.1034483,0.966666667,12.62068966,3.5334,3.166666667
4,nh,0.0,1.0,0.0,0.080697252,423.7333333,324.3833333,1.0,31.9,3.8335,3.9445
4,nh,0.0,1.0,0.0,0.046723147,452.7,368.9833333,1.0,16.16666667,3.833333333,3.555666667
4,nh,1.0,1.0,0.0,0.039238341,454.6666667,408.4833333,1.0,14.5,3.555666667,3.5555
4,nh,1.0,1.0,0.0,0.410751449,382.6818182,359.0,0.733333333,15.59090909,3.761857143,3.9445
4,nh,1.0,1.0,0.0,0.10250496,375.0689655,342.637931,0.966666667,58.55172414,3.857142857,4.0
4,nh,1.0,0.0,0.0,0.197835556,349.3076923,393.0576923,0.866666667,43.38461538,3.611166667,3.222333333
4,nh,1.0,0.0,0.0,0.092378472,368.04,384.64,0.833333333,20.36,3.777833333,3.8002
4,nh,1.0,0.0,0.0,0.6172032297499999,453.6666667,479.1666667,0.3,32.88888889,3.9445,3.889
4,nh,1.0,1.0,0.0,0.069454684,420.9333333,377.4666667,1.0,15.23333333,3.722333333,3.9445
4,nh,1.0,0.0,0.0,0.031592616,332.2758621,377.1034483,0.966666667,40.27586207,3.9445,3.9445
4,nh,1.0,0.0,0.0,0.486268491,325.4444444,477.8148148,0.9,34.74074074,3.277666667,2.722166667
4,nh,1.0,1.0,0.0,0.6172032297499999,419.4,393.66,0.833333333,35.0,3.762,3.952428571
4,nh,1.0,0.0,0.0,0.160613093,272.1533165749999,390.6964286,0.933333333,93.47460591000001,3.857285714,3.9445
4,nh,1.0,0.0,0.0,0.233298611,420.2758621,425.7241379,0.966666667,58.03448276,3.777833333,4.0
4,nh,1.0,0.0,0.0,0.044740058,443.7,338.55,1.0,54.86666667,4.0,4.0
4,nh,1.0,0.0,0.0,0.122353395,398.7894737,437.4210526,0.633333333,62.68421053,4.0,4.0
4,nh,0.0,0.0,0.0,0.488820139,342.3809524,544.7380952,0.7,93.47460591000001,3.500166667,3.1334
4,nh,1.0,1.0,0.0,0.119115111,391.0769231,343.75,0.866666667,29.03846154,3.380857143,3.714428571
4,nh,1.0,0.0,0.0,0.061560312,419.2666667,328.4333333,1.0,19.76666667,3.888833333,3.666666667
4,nh,1.0,1.0,0.0,0.032278616,334.6428571,332.2321429,0.933333333,43.71428571,3.4445,3.555666667
4,nh,1.0,0.0,0.0,0.264808673,359.7931034,327.3793103,0.966666667,93.47460591000001,3.8002,3.666666667
4,nh,0.0,0.0,0.0,0.063219382,363.2,438.3666667,1.0,17.6,3.8335,3.9445
4,nh,1.0,0.0,0.0,0.103360417,351.5,394.5333333,1.0,65.46666667,3.111166667,3.166833333
4,nh,1.0,0.0,0.0,0.01571102,468.6428571,410.4642857,0.933333333,48.96428571,3.666666667,3.666833333
4,nh,0.0,0.0,0.0,0.105293367,367.7931034,398.862069,0.966666667,84.13793103,3.889,3.611166667
4,nh,1.0,1.0,0.0,0.6172032297499999,318.125,576.3641193625001,0.533333333,49.5,3.611166667,3.4445
4,nh,1.0,0.0,0.0,0.238077257,360.76,389.42,0.833333333,65.36,3.389,3.388833333
4,nh,1.0,1.0,0.0,0.127926587,427.5517241,314.5,0.966666667,34.51724138,3.8335,3.722166667
4,nh,1.0,1.0,0.0,0.285439267,324.3333333,344.8148148,0.9,41.62962963,3.3335,3.222166667
4,nh,0.0,0.0,0.0,0.091325113,383.4482759,407.9310345,0.966666667,44.34482759,3.722166667,3.611333333
2,uw1,0.0,1.0,0.0,0.045368656,477.8947368,331.3157895,0.678571429,23.63157895,3.868181773,3.65
2,uw1,1.0,1.0,0.0,0.075429333,407.1538462,387.2692308,0.928571429,12.38461538,3.727272273,3.6
2,uw1,1.0,0.0,0.0,0.20028933,397.125,487.5833333,0.857142857,93.47460591000001,3.33749975,3.538461
4,nh,1.0,1.0,0.0,0.132108271,327.6666667,476.8333333,1.0,42.0,3.277833333,3.222166667
